{
    "angularCompilerOptions": {
        "genDir": "../../aheadOfTime.compiled",
        "skipMetadataEmit" : false,
        "skipTemplateCodegen": true,
        "strictMetadataEmit": true
    },
    "compilerOptions": {
        "allowJs": false,
        "allowSyntheticDefaultImports": false,
        "allowUnreachableCode": true,
        "allowUnusedLabels": true,
        "alwaysStrict": false,
        "charset": "utf8",
        "checkJs": false,
        "declaration": true,
        "diagnostics": false,
        "disableSizeLimit": true,
        "downlevelIteration": true,
        "emitBOM": false,
        "emitDecoratorMetadata": true,
        "experimentalDecorators": true,
        "forceConsistentCasingInFileNames": false,
        "importHelpers": false,
        "inlineSources": false,
        "isolatedModules": false,
        "lib": ["esnext", "dom"],
        "maxNodeModuleJsDepth": 0,
        "module": "esnext",
        "moduleResolution": "node",
        "newLine": "lf",
        "noEmitOnError": false,
        "noImplicitAny": false,
        "noImplicitReturns": false,
        "noImplicitThis": false,
        "noLib": false,
        "noResolve": false,
        "noStrictGenericChecks": false,
        "noUnusedLocals": false,
        "noUnusedParameters": false,
        "preserveConstEnums": false,
        "preserveSymlinks": false,
        "pretty": true,
        "outDir": "../../aheadOfTime.compiled",
        "rootDir": "../.././",
        "skipLibCheck": true,
        "strictNullChecks": false,
        "suppressImplicitAnyIndexErrors": false,
        "target": "esnext"
    },
    "files": ["../../index.ts"]
}
