[{"__symbolic":"module","version":4,"metadata":{"defaultOptions":{"duration":".3s","enterState":":enter","leaveState":":leave","name":"fadeAnimation","style":{"enter":{"final":{"opacity":1},"initial":{"opacity":0}}}},"createFadeAnimation":{"__symbolic":"function"},"createDefaultAnimation":{"__symbolic":"call","expression":{"__symbolic":"select","expression":{"__symbolic":"reference","name":"createFadeAnimation"},"member":"bind"},"arguments":[{},"defaultAnimation"]},"defaultAnimation":{"__symbolic":"call","expression":{"__symbolic":"reference","module":"@angular/animations","name":"trigger","line":79,"character":4},"arguments":["defaultAnimation",[{"__symbolic":"call","expression":{"__symbolic":"reference","module":"@angular/animations","name":"transition","line":80,"character":8},"arguments":[{"__symbolic":"select","expression":{"__symbolic":"reference","name":"defaultOptions"},"member":"enterState"},[{"__symbolic":"call","expression":{"__symbolic":"reference","module":"@angular/animations","name":"style","line":81,"character":12},"arguments":[{"__symbolic":"select","expression":{"__symbolic":"select","expression":{"__symbolic":"select","expression":{"__symbolic":"reference","name":"defaultOptions"},"member":"style"},"member":"enter"},"member":"initial"}]},{"__symbolic":"call","expression":{"__symbolic":"reference","module":"@angular/animations","name":"animate","line":82,"character":12},"arguments":[{"__symbolic":"binop","operator":"||","left":{"__symbolic":"select","expression":{"__symbolic":"reference","name":"defaultOptions"},"member":"enterDuration"},"right":{"__symbolic":"select","expression":{"__symbolic":"reference","name":"defaultOptions"},"member":"duration"}},{"__symbolic":"call","expression":{"__symbolic":"reference","module":"@angular/animations","name":"style","line":84,"character":16},"arguments":[{"__symbolic":"select","expression":{"__symbolic":"select","expression":{"__symbolic":"select","expression":{"__symbolic":"reference","name":"defaultOptions"},"member":"style"},"member":"enter"},"member":"final"}]}]}]]},{"__symbolic":"call","expression":{"__symbolic":"reference","module":"@angular/animations","name":"transition","line":86,"character":8},"arguments":[{"__symbolic":"select","expression":{"__symbolic":"reference","name":"defaultOptions"},"member":"leaveState"},[{"__symbolic":"call","expression":{"__symbolic":"reference","module":"@angular/animations","name":"style","line":87,"character":12},"arguments":[{"__symbolic":"binop","operator":"||","left":{"__symbolic":"binop","operator":"&&","left":{"__symbolic":"select","expression":{"__symbolic":"select","expression":{"__symbolic":"reference","name":"defaultOptions"},"member":"style"},"member":"leave"},"right":{"__symbolic":"select","expression":{"__symbolic":"select","expression":{"__symbolic":"select","expression":{"__symbolic":"reference","name":"defaultOptions"},"member":"style"},"member":"leave"},"member":"initial"}},"right":{"__symbolic":"select","expression":{"__symbolic":"select","expression":{"__symbolic":"select","expression":{"__symbolic":"reference","name":"defaultOptions"},"member":"style"},"member":"enter"},"member":"final"}}]},{"__symbolic":"call","expression":{"__symbolic":"reference","module":"@angular/animations","name":"animate","line":91,"character":12},"arguments":[{"__symbolic":"binop","operator":"||","left":{"__symbolic":"select","expression":{"__symbolic":"reference","name":"defaultOptions"},"member":"leaveDuration"},"right":{"__symbolic":"select","expression":{"__symbolic":"reference","name":"defaultOptions"},"member":"duration"}},{"__symbolic":"call","expression":{"__symbolic":"reference","module":"@angular/animations","name":"style","line":93,"character":16},"arguments":[{"__symbolic":"binop","operator":"||","left":{"__symbolic":"binop","operator":"&&","left":{"__symbolic":"select","expression":{"__symbolic":"select","expression":{"__symbolic":"reference","name":"defaultOptions"},"member":"style"},"member":"leave"},"right":{"__symbolic":"select","expression":{"__symbolic":"select","expression":{"__symbolic":"select","expression":{"__symbolic":"reference","name":"defaultOptions"},"member":"style"},"member":"leave"},"member":"final"}},"right":{"__symbolic":"select","expression":{"__symbolic":"select","expression":{"__symbolic":"select","expression":{"__symbolic":"reference","name":"defaultOptions"},"member":"style"},"member":"enter"},"member":"initial"}}]}]}]]}]]}}}]