{"moduleName":null,"summaries":[{"symbol":{"__symbol":0,"members":[]},"metadata":{"duration":".3s","enterState":":enter","leaveState":":leave","name":"fadeAnimation","style":{"enter":{"final":{"opacity":1},"initial":{"opacity":0}}}}},{"symbol":{"__symbol":1,"members":[]},"metadata":{"__symbolic":"function"}},{"symbol":{"__symbol":2,"members":[]},"metadata":{"__symbolic":"call","expression":{"__symbolic":"select","expression":{"__symbol":1,"members":[]},"member":"bind"},"arguments":[{},"defaultAnimation"]}},{"symbol":{"__symbol":3,"members":[]},"metadata":{"__symbolic":"call","expression":{"__symbolic":"resolved","symbol":{"__symbol":4,"members":[]},"line":79,"character":4,"fileName":"animation.ts"},"arguments":["defaultAnimation",[{"__symbolic":"call","expression":{"__symbolic":"resolved","symbol":{"__symbol":5,"members":[]},"line":80,"character":8,"fileName":"animation.ts"},"arguments":[{"__symbolic":"select","expression":{"__symbol":0,"members":[]},"member":"enterState"},[{"__symbolic":"call","expression":{"__symbolic":"resolved","symbol":{"__symbol":6,"members":[]},"line":81,"character":12,"fileName":"animation.ts"},"arguments":[{"__symbolic":"select","expression":{"__symbolic":"select","expression":{"__symbolic":"select","expression":{"__symbol":0,"members":[]},"member":"style"},"member":"enter"},"member":"initial"}]},{"__symbolic":"call","expression":{"__symbolic":"resolved","symbol":{"__symbol":7,"members":[]},"line":82,"character":12,"fileName":"animation.ts"},"arguments":[{"__symbolic":"binop","operator":"||","left":{"__symbolic":"select","expression":{"__symbol":0,"members":[]},"member":"enterDuration"},"right":{"__symbolic":"select","expression":{"__symbol":0,"members":[]},"member":"duration"}},{"__symbolic":"call","expression":{"__symbolic":"resolved","symbol":{"__symbol":6,"members":[]},"line":84,"character":16,"fileName":"animation.ts"},"arguments":[{"__symbolic":"select","expression":{"__symbolic":"select","expression":{"__symbolic":"select","expression":{"__symbol":0,"members":[]},"member":"style"},"member":"enter"},"member":"final"}]}]}]]},{"__symbolic":"call","expression":{"__symbolic":"resolved","symbol":{"__symbol":5,"members":[]},"line":86,"character":8,"fileName":"animation.ts"},"arguments":[{"__symbolic":"select","expression":{"__symbol":0,"members":[]},"member":"leaveState"},[{"__symbolic":"call","expression":{"__symbolic":"resolved","symbol":{"__symbol":6,"members":[]},"line":87,"character":12,"fileName":"animation.ts"},"arguments":[{"__symbolic":"binop","operator":"||","left":{"__symbolic":"binop","operator":"&&","left":{"__symbolic":"select","expression":{"__symbolic":"select","expression":{"__symbol":0,"members":[]},"member":"style"},"member":"leave"},"right":{"__symbolic":"select","expression":{"__symbolic":"select","expression":{"__symbolic":"select","expression":{"__symbol":0,"members":[]},"member":"style"},"member":"leave"},"member":"initial"}},"right":{"__symbolic":"select","expression":{"__symbolic":"select","expression":{"__symbolic":"select","expression":{"__symbol":0,"members":[]},"member":"style"},"member":"enter"},"member":"final"}}]},{"__symbolic":"call","expression":{"__symbolic":"resolved","symbol":{"__symbol":7,"members":[]},"line":91,"character":12,"fileName":"animation.ts"},"arguments":[{"__symbolic":"binop","operator":"||","left":{"__symbolic":"select","expression":{"__symbol":0,"members":[]},"member":"leaveDuration"},"right":{"__symbolic":"select","expression":{"__symbol":0,"members":[]},"member":"duration"}},{"__symbolic":"call","expression":{"__symbolic":"resolved","symbol":{"__symbol":6,"members":[]},"line":93,"character":16,"fileName":"animation.ts"},"arguments":[{"__symbolic":"binop","operator":"||","left":{"__symbolic":"binop","operator":"&&","left":{"__symbolic":"select","expression":{"__symbolic":"select","expression":{"__symbol":0,"members":[]},"member":"style"},"member":"leave"},"right":{"__symbolic":"select","expression":{"__symbolic":"select","expression":{"__symbolic":"select","expression":{"__symbol":0,"members":[]},"member":"style"},"member":"leave"},"member":"final"}},"right":{"__symbolic":"select","expression":{"__symbolic":"select","expression":{"__symbolic":"select","expression":{"__symbol":0,"members":[]},"member":"style"},"member":"enter"},"member":"initial"}}]}]}]]}]]}}],"symbols":[{"__symbol":0,"name":"defaultOptions","filePath":"./animation"},{"__symbol":1,"name":"createFadeAnimation","filePath":"./animation"},{"__symbol":2,"name":"createDefaultAnimation","filePath":"./animation"},{"__symbol":3,"name":"defaultAnimation","filePath":"./animation"},{"__symbol":4,"name":"trigger","filePath":"@angular/animations/animations"},{"__symbol":5,"name":"transition","filePath":"@angular/animations/animations"},{"__symbol":6,"name":"style","filePath":"@angular/animations/animations"},{"__symbol":7,"name":"animate","filePath":"@angular/animations/animations"}]}